"Time","values"
2023-12-20 06:31:30,33.54 ms
2023-12-20 06:32:00,46.43 ms
2023-12-20 06:32:30,49.25 ms
2023-12-20 06:33:00,38.99 ms
2023-12-20 06:33:30,29.25 ms
2023-12-20 06:34:00,48.44 ms
2023-12-20 06:34:30,49.92 ms
2023-12-20 06:35:00,61.34 ms
2023-12-20 06:35:30,49.85 ms
2023-12-20 06:36:00,48.47 ms
2023-12-20 06:36:30,31.81 ms
2023-12-20 06:37:00,43.89 ms
2023-12-20 06:37:30,43.60 ms
2023-12-20 06:38:00,80.89 ms
2023-12-20 06:38:30,49.56 ms
2023-12-20 06:39:00,54.57 ms
2023-12-20 06:39:30,29.11 ms
2023-12-20 06:40:00,59.03 ms
2023-12-20 06:40:30,49.03 ms
2023-12-20 06:41:00,46.09 ms
2023-12-20 06:41:30,42.61 ms
2023-12-20 06:42:00,62.27 ms
2023-12-20 06:42:30,34.25 ms
2023-12-20 06:43:00,41.10 ms
2023-12-20 06:43:30,39.87 ms
2023-12-20 06:44:00,31.27 ms
2023-12-20 06:44:30,36.54 ms
2023-12-20 06:45:00,29.18 ms
2023-12-20 06:45:30,39.44 ms
2023-12-20 06:46:00,35.07 ms
2023-12-20 06:46:30,18.66 ms
2023-12-20 06:47:00,27.65 ms
2023-12-20 06:47:30,34.99 ms
2023-12-20 06:48:00,32.59 ms
2023-12-20 06:48:30,25.01 ms
2023-12-20 06:49:00,24.40 ms
2023-12-20 06:49:30,22.71 ms
2023-12-20 06:50:00,22.08 ms
2023-12-20 06:50:30,27.89 ms
2023-12-20 06:51:00,13.41 ms
2023-12-20 06:51:30,25.51 ms
2023-12-20 06:52:00,15.85 ms
2023-12-20 06:52:30,24.90 ms
2023-12-20 06:53:00,24.53 ms
2023-12-20 06:53:30,13.81 ms
2023-12-20 06:54:00,13.10 ms
2023-12-20 06:54:30,19.27 ms
2023-12-20 06:55:00,26.25 ms
2023-12-20 06:55:30,15.04 ms
2023-12-20 06:56:00,17.97 ms
2023-12-20 06:56:30,20.48 ms
2023-12-20 06:57:00,17.83 ms
2023-12-20 06:57:30,22.17 ms
2023-12-20 06:58:00,18.14 ms
2023-12-20 06:58:30,21.12 ms
2023-12-20 06:59:00,13.38 ms
2023-12-20 06:59:30,23.43 ms
2023-12-20 07:00:00,15.40 ms
2023-12-20 07:00:30,8.85 ms
2023-12-20 07:01:00,10.59 ms
2023-12-20 07:01:30,10.55 ms
2023-12-20 07:02:00,13.30 ms
2023-12-20 07:02:30,17.99 ms
2023-12-20 07:03:00,13.25 ms
2023-12-20 07:03:30,19.18 ms
2023-12-20 07:04:00,13.39 ms
2023-12-20 07:04:30,8.81 ms
2023-12-20 07:05:00,5.73 ms
2023-12-20 07:05:30,14.51 ms
2023-12-20 07:06:00,13.82 ms
2023-12-20 07:06:30,11.14 ms
2023-12-20 07:07:00,11.74 ms
2023-12-20 07:07:30,7.52 ms
2023-12-20 07:08:00,15.28 ms
2023-12-20 07:08:30,10.51 ms
2023-12-20 07:09:00,13.39 ms
2023-12-20 07:09:30,12.69 ms
2023-12-20 07:10:00,19.43 ms
2023-12-20 07:10:30,11.25 ms
2023-12-20 07:11:00,12.20 ms
2023-12-20 07:11:30,18.75 ms
2023-12-20 07:12:00,8.21 ms
2023-12-20 07:12:30,15.71 ms
2023-12-20 07:13:00,8.69 ms
2023-12-20 07:13:30,11.41 ms
2023-12-20 07:14:00,9.40 ms
2023-12-20 07:14:30,12.73 ms
2023-12-20 07:15:00,14.50 ms
2023-12-20 07:15:30,15.67 ms
2023-12-20 07:16:00,15.91 ms
2023-12-20 07:16:30,15.01 ms
2023-12-20 07:17:00,20.01 ms
2023-12-20 07:17:30,7.76 ms
2023-12-20 07:18:00,9.61 ms
2023-12-20 07:18:30,10.86 ms
2023-12-20 07:19:00,9.64 ms
2023-12-20 07:19:30,18.43 ms
2023-12-20 07:20:00,9.66 ms
2023-12-20 07:20:30,10.79 ms
2023-12-20 07:21:00,19.21 ms
2023-12-20 07:21:30,16.86 ms
2023-12-20 07:22:00,19.53 ms
2023-12-20 07:22:30,27.56 ms
2023-12-20 07:23:00,17.77 ms
2023-12-20 07:23:30,27.45 ms
2023-12-20 07:24:00,26.30 ms
2023-12-20 07:24:30,22.46 ms
2023-12-20 07:25:00,22.62 ms
2023-12-20 07:25:30,21.81 ms
2023-12-20 07:26:00,27.34 ms
2023-12-20 07:26:30,38.00 ms
2023-12-20 07:27:00,47.82 ms
2023-12-20 07:27:30,22.78 ms
2023-12-20 07:28:00,28.86 ms
2023-12-20 07:28:30,37.84 ms
2023-12-20 07:29:00,33.09 ms
2023-12-20 07:29:30,54.88 ms
2023-12-20 07:30:00,32.80 ms
2023-12-20 07:30:30,47.46 ms
2023-12-20 07:31:00,63.85 ms
2023-12-20 07:31:30,51.40 ms
2023-12-20 07:32:00,50.65 ms
2023-12-20 07:32:30,21.15 ms
2023-12-20 07:33:00,30.67 ms
2023-12-20 07:33:30,44.09 ms
2023-12-20 07:34:00,39.63 ms
2023-12-20 07:34:30,42.04 ms
2023-12-20 07:35:00,47.22 ms
2023-12-20 07:35:30,33.83 ms
2023-12-20 07:36:00,44.62 ms
2023-12-20 07:36:30,43.32 ms
2023-12-20 07:37:00,63.48 ms
2023-12-20 07:37:30,38.09 ms
2023-12-20 07:38:00,45.80 ms
2023-12-20 07:38:30,58.70 ms
2023-12-20 07:39:00,32.03 ms
2023-12-20 07:39:30,37.80 ms
2023-12-20 07:40:00,35.05 ms
2023-12-20 07:40:30,52.70 ms
2023-12-20 07:41:00,51.24 ms
2023-12-20 07:41:30,36.67 ms
2023-12-20 07:42:00,42.13 ms
2023-12-20 07:42:30,29.83 ms
2023-12-20 07:43:00,22.97 ms
2023-12-20 07:43:30,67.72 ms
2023-12-20 07:44:00,36.95 ms
2023-12-20 07:44:30,37.24 ms
2023-12-20 07:45:00,47.90 ms
2023-12-20 07:45:30,22.37 ms
2023-12-20 07:46:00,28.39 ms
2023-12-20 07:46:30,26.54 ms
2023-12-20 07:47:00,26.45 ms
2023-12-20 07:47:30,20.41 ms
2023-12-20 07:48:00,34.27 ms
2023-12-20 07:48:30,28.68 ms
2023-12-20 07:49:00,32.11 ms
2023-12-20 07:49:30,23.09 ms
2023-12-20 07:50:00,24.98 ms
2023-12-20 07:50:30,24.71 ms
2023-12-20 07:51:00,14.60 ms
2023-12-20 07:51:30,20.57 ms
2023-12-20 07:52:00,18.63 ms
2023-12-20 07:52:30,32.59 ms
2023-12-20 07:53:00,13.81 ms
2023-12-20 07:53:30,17.45 ms
2023-12-20 07:54:00,23.70 ms
2023-12-20 07:54:30,16.52 ms
2023-12-20 07:55:00,13.26 ms
2023-12-20 07:55:30,14.68 ms
2023-12-20 07:56:00,18.12 ms
2023-12-20 07:56:30,16.96 ms
2023-12-20 07:57:00,14.30 ms
2023-12-20 07:57:30,16.28 ms
2023-12-20 07:58:00,15.40 ms
2023-12-20 07:58:30,21.68 ms
2023-12-20 07:59:00,17.06 ms
2023-12-20 07:59:30,16.63 ms
2023-12-20 08:00:00,22.37 ms
2023-12-20 08:00:30,11.67 ms
2023-12-20 08:01:00,14.91 ms
2023-12-20 08:01:30,11.15 ms
2023-12-20 08:02:00,10.36 ms
2023-12-20 08:02:30,17.55 ms
2023-12-20 08:03:00,12.27 ms
2023-12-20 08:03:30,17.08 ms
2023-12-20 08:04:00,9.29 ms
2023-12-20 08:04:30,11.43 ms
2023-12-20 08:05:00,18.60 ms
2023-12-20 08:05:30,8.31 ms
2023-12-20 08:06:00,10.06 ms
2023-12-20 08:06:30,10.94 ms
2023-12-20 08:07:00,15.47 ms
2023-12-20 08:07:30,13.12 ms
2023-12-20 08:08:00,9.31 ms
2023-12-20 08:08:30,11.06 ms
2023-12-20 08:09:00,11.47 ms
2023-12-20 08:09:30,10.98 ms
2023-12-20 08:10:00,11.18 ms
2023-12-20 08:10:30,14.88 ms
2023-12-20 08:11:00,11.75 ms
2023-12-20 08:11:30,11.67 ms
2023-12-20 08:12:00,18.40 ms
2023-12-20 08:12:30,12.43 ms
2023-12-20 08:13:00,15.84 ms
2023-12-20 08:13:30,11.67 ms
2023-12-20 08:14:00,9.57 ms
2023-12-20 08:14:30,10.97 ms
2023-12-20 08:15:00,9.01 ms
2023-12-20 08:15:30,10.64 ms
2023-12-20 08:16:00,9.45 ms
2023-12-20 08:16:30,15.48 ms
2023-12-20 08:17:00,14.69 ms
2023-12-20 08:17:30,12.96 ms
2023-12-20 08:18:00,20.12 ms
2023-12-20 08:18:30,11.07 ms
2023-12-20 08:19:00,26.09 ms
2023-12-20 08:19:30,13.97 ms
2023-12-20 08:20:00,16.67 ms
2023-12-20 08:20:30,17.29 ms
2023-12-20 08:21:00,24.03 ms
2023-12-20 08:21:30,25.91 ms
2023-12-20 08:22:00,16.37 ms
2023-12-20 08:22:30,32.93 ms
2023-12-20 08:23:00,18.82 ms
2023-12-20 08:23:30,27.40 ms
2023-12-20 08:24:00,24.15 ms
2023-12-20 08:24:30,42.86 ms
2023-12-20 08:25:00,21.48 ms
2023-12-20 08:25:30,31.49 ms
2023-12-20 08:26:00,17.94 ms
2023-12-20 08:26:30,49.22 ms
2023-12-20 08:27:00,29.35 ms
2023-12-20 08:27:30,39.20 ms
2023-12-20 08:28:00,43.33 ms
2023-12-20 08:28:30,41.19 ms
2023-12-20 08:29:00,45.32 ms
2023-12-20 08:29:30,32.80 ms
2023-12-20 08:30:00,51.38 ms
2023-12-20 08:30:30,73.67 ms
2023-12-20 08:31:00,26.39 ms
2023-12-20 08:31:30,39.46 ms
2023-12-20 08:32:00,40.47 ms
2023-12-20 08:32:30,29.27 ms
2023-12-20 08:33:00,48.56 ms
2023-12-20 08:33:30,51.40 ms
2023-12-20 08:34:00,51.12 ms
2023-12-20 08:34:30,37.73 ms
2023-12-20 08:35:00,18.68 ms
2023-12-20 08:35:30,55.54 ms
2023-12-20 08:36:00,63.80 ms
2023-12-20 08:36:30,39.92 ms
2023-12-20 08:37:00,44.59 ms
2023-12-20 08:37:30,34.48 ms
2023-12-20 08:38:00,36.05 ms
2023-12-20 08:38:30,29.08 ms
2023-12-20 08:39:00,49.46 ms
2023-12-20 08:39:30,52.90 ms
2023-12-20 08:40:00,70.87 ms
2023-12-20 08:40:30,50.52 ms
2023-12-20 08:41:00,44.11 ms
2023-12-20 08:41:30,52.05 ms
2023-12-20 08:42:00,60.54 ms
2023-12-20 08:42:30,32.33 ms
2023-12-20 08:43:00,41.48 ms
2023-12-20 08:43:30,27.76 ms
2023-12-20 08:44:00,47.40 ms
2023-12-20 08:44:30,44.25 ms
2023-12-20 08:45:00,40.68 ms
2023-12-20 08:45:30,35.06 ms
2023-12-20 08:46:00,21.14 ms
2023-12-20 08:46:30,24.82 ms
2023-12-20 08:47:00,47.82 ms
2023-12-20 08:47:30,33.10 ms
2023-12-20 08:48:00,20.59 ms
2023-12-20 08:48:30,20.51 ms
2023-12-20 08:49:00,30.13 ms
2023-12-20 08:49:30,18.06 ms
2023-12-20 08:50:00,23.43 ms
2023-12-20 08:50:30,25.21 ms
2023-12-20 08:51:00,29.36 ms
2023-12-20 08:51:30,15.24 ms
2023-12-20 08:52:00,15.43 ms
2023-12-20 08:52:30,17.46 ms
2023-12-20 08:53:00,20.46 ms
2023-12-20 08:53:30,14.23 ms
2023-12-20 08:54:00,15.35 ms
2023-12-20 08:54:30,18.63 ms
2023-12-20 08:55:00,10.38 ms
2023-12-20 08:55:30,21.00 ms
2023-12-20 08:56:00,17.69 ms
2023-12-20 08:56:30,14.51 ms
2023-12-20 08:57:00,8.33 ms
2023-12-20 08:57:30,15.43 ms
2023-12-20 08:58:00,21.36 ms
2023-12-20 08:58:30,18.84 ms
2023-12-20 08:59:00,12.74 ms
2023-12-20 08:59:30,11.58 ms
2023-12-20 09:00:00,19.15 ms
2023-12-20 09:00:30,11.93 ms
2023-12-20 09:01:00,15.58 ms
2023-12-20 09:01:30,13.35 ms
2023-12-20 09:02:00,17.60 ms
2023-12-20 09:02:30,13.19 ms
2023-12-20 09:03:00,12.05 ms
2023-12-20 09:03:30,15.14 ms
2023-12-20 09:04:00,6.98 ms
2023-12-20 09:04:30,18.29 ms
2023-12-20 09:05:00,9.78 ms
2023-12-20 09:05:30,12.16 ms
2023-12-20 09:06:00,9.18 ms
2023-12-20 09:06:30,14.51 ms
2023-12-20 09:07:00,8.13 ms
2023-12-20 09:07:30,9.07 ms
2023-12-20 09:08:00,11.08 ms
2023-12-20 09:08:30,11.81 ms
2023-12-20 09:09:00,16.22 ms
2023-12-20 09:09:30,8.04 ms
2023-12-20 09:10:00,16.01 ms
2023-12-20 09:10:30,13.46 ms
2023-12-20 09:11:00,11.32 ms
2023-12-20 09:11:30,6.48 ms
2023-12-20 09:12:00,16.53 ms
2023-12-20 09:12:30,11.37 ms
2023-12-20 09:13:00,11.81 ms
2023-12-20 09:13:30,9.54 ms
2023-12-20 09:14:00,14.63 ms
2023-12-20 09:14:30,8.87 ms
2023-12-20 09:15:00,12.48 ms
2023-12-20 09:15:30,15.51 ms
2023-12-20 09:16:00,12.66 ms
2023-12-20 09:16:30,9.39 ms
2023-12-20 09:17:00,14.94 ms
2023-12-20 09:17:30,12.41 ms
2023-12-20 09:18:00,12.45 ms
2023-12-20 09:18:30,16.70 ms
2023-12-20 09:19:00,17.24 ms
2023-12-20 09:19:30,12.86 ms
2023-12-20 09:20:00,19.63 ms
2023-12-20 09:20:30,12.62 ms
2023-12-20 09:21:00,14.81 ms
2023-12-20 09:21:30,16.09 ms
2023-12-20 09:22:00,23.27 ms
2023-12-20 09:22:30,21.13 ms
2023-12-20 09:23:00,13.80 ms
2023-12-20 09:23:30,22.87 ms
2023-12-20 09:24:00,17.53 ms
2023-12-20 09:24:30,11.01 ms
2023-12-20 09:25:00,29.50 ms
2023-12-20 09:25:30,36.89 ms
2023-12-20 09:26:00,33.50 ms
2023-12-20 09:26:30,17.55 ms
2023-12-20 09:27:00,35.65 ms
2023-12-20 09:27:30,37.72 ms
2023-12-20 09:28:00,25.02 ms
2023-12-20 09:28:30,37.27 ms
2023-12-20 09:29:00,52.09 ms
2023-12-20 09:29:30,22.75 ms
2023-12-20 09:30:00,22.84 ms
2023-12-20 09:30:30,36.89 ms
2023-12-20 09:31:00,27.32 ms
2023-12-20 09:31:30,27.05 ms
2023-12-20 09:32:00,49.57 ms
2023-12-20 09:32:30,59.13 ms
2023-12-20 09:33:00,42.66 ms
2023-12-20 09:33:30,48.00 ms
2023-12-20 09:34:00,52.00 ms
2023-12-20 09:34:30,33.51 ms
2023-12-20 09:35:00,41.10 ms
2023-12-20 09:35:30,52.04 ms
2023-12-20 09:36:00,35.87 ms
2023-12-20 09:36:30,41.28 ms
2023-12-20 09:37:00,40.91 ms
2023-12-20 09:37:30,56.66 ms
2023-12-20 09:38:00,56.68 ms
2023-12-20 09:38:30,45.00 ms
2023-12-20 09:39:00,21.83 ms
2023-12-20 09:39:30,40.92 ms
2023-12-20 09:40:00,46.74 ms
2023-12-20 09:40:30,42.88 ms
2023-12-20 09:41:00,45.29 ms
2023-12-20 09:41:30,26.00 ms
2023-12-20 09:42:00,27.03 ms
2023-12-20 09:42:30,52.16 ms
2023-12-20 09:43:00,33.44 ms
2023-12-20 09:43:30,35.90 ms
2023-12-20 09:44:00,40.11 ms
2023-12-20 09:44:30,35.84 ms
2023-12-20 09:45:00,44.61 ms
2023-12-20 09:45:30,22.74 ms
2023-12-20 09:46:00,43.94 ms
2023-12-20 09:46:30,30.67 ms
2023-12-20 09:47:00,27.19 ms
2023-12-20 09:47:30,22.08 ms
2023-12-20 09:48:00,18.16 ms
2023-12-20 09:48:30,10.30 ms
2023-12-20 09:49:00,23.90 ms
2023-12-20 09:49:30,29.80 ms
2023-12-20 09:50:00,18.93 ms
2023-12-20 09:50:30,28.71 ms
2023-12-20 09:51:00,26.28 ms
2023-12-20 09:51:30,18.33 ms
2023-12-20 09:52:00,30.17 ms
2023-12-20 09:52:30,20.42 ms
2023-12-20 09:53:00,16.61 ms
2023-12-20 09:53:30,17.80 ms
2023-12-20 09:54:00,25.63 ms
2023-12-20 09:54:30,17.26 ms
2023-12-20 09:55:00,16.94 ms
2023-12-20 09:55:30,6.14 ms
2023-12-20 09:56:00,20.44 ms
2023-12-20 09:56:30,16.13 ms
2023-12-20 09:57:00,17.37 ms
2023-12-20 09:57:30,22.34 ms
2023-12-20 09:58:00,16.74 ms
2023-12-20 09:58:30,16.18 ms
2023-12-20 09:59:00,13.68 ms
2023-12-20 09:59:30,15.62 ms
2023-12-20 10:00:00,11.67 ms
2023-12-20 10:00:30,13.02 ms
2023-12-20 10:01:00,14.50 ms
2023-12-20 10:01:30,10.29 ms
2023-12-20 10:02:00,13.06 ms
2023-12-20 10:02:30,11.80 ms
2023-12-20 10:03:00,15.30 ms
2023-12-20 10:03:30,17.53 ms
2023-12-20 10:04:00,13.95 ms
2023-12-20 10:04:30,14.29 ms
2023-12-20 10:05:00,12.03 ms
2023-12-20 10:05:30,14.45 ms
2023-12-20 10:06:00,7.59 ms
2023-12-20 10:06:30,17.40 ms
2023-12-20 10:07:00,13.95 ms
2023-12-20 10:07:30,12.08 ms
2023-12-20 10:08:00,13.65 ms
2023-12-20 10:08:30,18.87 ms
2023-12-20 10:09:00,19.25 ms
2023-12-20 10:09:30,15.73 ms
2023-12-20 10:10:00,16.23 ms
2023-12-20 10:10:30,9.53 ms
2023-12-20 10:11:00,11.42 ms
2023-12-20 10:11:30,14.99 ms
2023-12-20 10:12:00,20.59 ms
2023-12-20 10:12:30,16.43 ms
2023-12-20 10:13:00,8.08 ms
2023-12-20 10:13:30,14.22 ms
2023-12-20 10:14:00,10.86 ms
2023-12-20 10:14:30,12.83 ms
2023-12-20 10:15:00,13.27 ms
2023-12-20 10:15:30,14.37 ms
2023-12-20 10:16:00,12.87 ms
2023-12-20 10:16:30,11.44 ms
2023-12-20 10:17:00,12.58 ms
2023-12-20 10:17:30,12.79 ms
2023-12-20 10:18:00,13.84 ms
2023-12-20 10:18:30,18.94 ms
2023-12-20 10:19:00,13.88 ms
2023-12-20 10:19:30,17.96 ms
2023-12-20 10:20:00,12.62 ms
2023-12-20 10:20:30,17.95 ms
2023-12-20 10:21:00,18.14 ms
2023-12-20 10:21:30,16.04 ms
2023-12-20 10:22:00,13.33 ms
2023-12-20 10:22:30,17.92 ms
2023-12-20 10:23:00,30.25 ms
2023-12-20 10:23:30,21.59 ms
2023-12-20 10:24:00,19.60 ms
2023-12-20 10:24:30,35.91 ms
2023-12-20 10:25:00,24.96 ms
2023-12-20 10:25:30,15.87 ms
2023-12-20 10:26:00,27.64 ms
2023-12-20 10:26:30,24.72 ms
2023-12-20 10:27:00,29.06 ms
2023-12-20 10:27:30,35.63 ms
2023-12-20 10:28:00,35.19 ms
2023-12-20 10:28:30,61.22 ms
2023-12-20 10:29:00,48.47 ms
2023-12-20 10:29:30,64.24 ms
2023-12-20 10:30:00,50.13 ms
2023-12-20 10:30:30,39.50 ms
2023-12-20 10:31:00,50.49 ms
2023-12-20 10:31:30,37.20 ms
2023-12-20 10:32:00,55.77 ms
2023-12-20 10:32:30,35.36 ms
2023-12-20 10:33:00,29.74 ms
2023-12-20 10:33:30,27.32 ms
2023-12-20 10:34:00,36.33 ms
2023-12-20 10:34:30,50.46 ms
2023-12-20 10:35:00,65.87 ms
2023-12-20 10:35:30,51.80 ms
2023-12-20 10:36:00,49.05 ms
2023-12-20 10:36:30,46.61 ms
2023-12-20 10:37:00,46.33 ms
2023-12-20 10:37:30,52.01 ms
2023-12-20 10:38:00,49.86 ms
2023-12-20 10:38:30,45.96 ms
2023-12-20 10:39:00,38.55 ms
2023-12-20 10:39:30,70.44 ms
2023-12-20 10:40:00,26.07 ms
2023-12-20 10:40:30,55.44 ms
2023-12-20 10:41:00,32.10 ms
2023-12-20 10:41:30,45.22 ms
2023-12-20 10:42:00,58.62 ms
2023-12-20 10:42:30,33.70 ms
2023-12-20 10:43:00,45.97 ms
2023-12-20 10:43:30,30.61 ms
2023-12-20 10:44:00,40.81 ms
2023-12-20 10:44:30,32.13 ms
2023-12-20 10:45:00,38.40 ms
2023-12-20 10:45:30,36.11 ms
2023-12-20 10:46:00,41.60 ms
2023-12-20 10:46:30,26.60 ms
2023-12-20 10:47:00,17.53 ms
2023-12-20 10:47:30,27.59 ms
2023-12-20 10:48:00,24.33 ms
2023-12-20 10:48:30,20.56 ms
2023-12-20 10:49:00,22.50 ms
2023-12-20 10:49:30,21.68 ms
2023-12-20 10:50:00,32.70 ms
2023-12-20 10:50:30,22.91 ms
2023-12-20 10:51:00,24.44 ms
2023-12-20 10:51:30,26.18 ms
2023-12-20 10:52:00,26.06 ms
2023-12-20 10:52:30,19.92 ms
2023-12-20 10:53:00,22.17 ms
2023-12-20 10:53:30,27.88 ms
2023-12-20 10:54:00,16.34 ms
2023-12-20 10:54:30,25.13 ms
2023-12-20 10:55:00,20.10 ms
2023-12-20 10:55:30,16.83 ms
2023-12-20 10:56:00,20.50 ms
2023-12-20 10:56:30,13.39 ms
2023-12-20 10:57:00,14.77 ms
2023-12-20 10:57:30,26.82 ms
2023-12-20 10:58:00,18.76 ms
2023-12-20 10:58:30,13.52 ms
2023-12-20 10:59:00,20.58 ms
2023-12-20 10:59:30,18.77 ms
2023-12-20 11:00:00,10.00 ms
2023-12-20 11:00:30,23.89 ms
2023-12-20 11:01:00,10.63 ms
2023-12-20 11:01:30,15.58 ms
2023-12-20 11:02:00,8.59 ms
2023-12-20 11:02:30,7.66 ms
2023-12-20 11:03:00,14.67 ms
2023-12-20 11:03:30,14.25 ms
2023-12-20 11:04:00,16.53 ms
2023-12-20 11:04:30,13.85 ms
2023-12-20 11:05:00,14.44 ms
2023-12-20 11:05:30,12.55 ms
2023-12-20 11:06:00,12.40 ms
2023-12-20 11:06:30,14.78 ms
2023-12-20 11:07:00,12.19 ms
2023-12-20 11:07:30,14.59 ms
2023-12-20 11:08:00,10.74 ms
2023-12-20 11:08:30,11.70 ms
2023-12-20 11:09:00,9.40 ms
2023-12-20 11:09:30,16.95 ms
2023-12-20 11:10:00,15.47 ms
2023-12-20 11:10:30,11.63 ms
2023-12-20 11:11:00,10.09 ms
2023-12-20 11:11:30,18.30 ms
2023-12-20 11:12:00,16.25 ms
2023-12-20 11:12:30,13.28 ms
2023-12-20 11:13:00,13.74 ms
2023-12-20 11:13:30,11.79 ms
2023-12-20 11:14:00,9.98 ms
2023-12-20 11:14:30,9.27 ms
2023-12-20 11:15:00,16.81 ms
2023-12-20 11:15:30,11.59 ms
2023-12-20 11:16:00,16.52 ms
2023-12-20 11:16:30,15.76 ms
2023-12-20 11:17:00,8.45 ms
2023-12-20 11:17:30,7.48 ms
2023-12-20 11:18:00,13.85 ms
2023-12-20 11:18:30,10.67 ms
2023-12-20 11:19:00,14.78 ms
2023-12-20 11:19:30,12.88 ms
2023-12-20 11:20:00,11.82 ms
2023-12-20 11:20:30,22.03 ms
2023-12-20 11:21:00,14.50 ms
2023-12-20 11:21:30,24.33 ms
2023-12-20 11:22:00,22.44 ms
2023-12-20 11:22:30,19.56 ms
2023-12-20 11:23:00,12.43 ms
2023-12-20 11:23:30,29.17 ms
2023-12-20 11:24:00,23.10 ms
2023-12-20 11:24:30,24.56 ms
2023-12-20 11:25:00,32.04 ms
2023-12-20 11:25:30,17.86 ms
2023-12-20 11:26:00,26.12 ms
2023-12-20 11:26:30,40.93 ms
2023-12-20 11:27:00,44.53 ms
2023-12-20 11:27:30,35.17 ms
2023-12-20 11:28:00,42.62 ms
2023-12-20 11:28:30,43.36 ms
2023-12-20 11:29:00,51.27 ms
2023-12-20 11:29:30,45.10 ms
2023-12-20 11:30:00,32.94 ms
2023-12-20 11:30:30,40.31 ms
2023-12-20 11:31:00,18.89 ms
2023-12-20 11:31:30,40.77 ms
2023-12-20 11:32:00,43.97 ms
2023-12-20 11:32:30,43.99 ms
2023-12-20 11:33:00,28.30 ms
2023-12-20 11:33:30,32.52 ms
2023-12-20 11:34:00,34.12 ms
2023-12-20 11:34:30,26.67 ms
2023-12-20 11:35:00,57.44 ms
2023-12-20 11:35:30,39.09 ms
2023-12-20 11:36:00,41.76 ms
2023-12-20 11:36:30,45.05 ms
2023-12-20 11:37:00,21.61 ms
2023-12-20 11:37:30,79.98 ms
2023-12-20 11:38:00,47.77 ms
2023-12-20 11:38:30,41.27 ms
2023-12-20 11:39:00,51.12 ms
2023-12-20 11:39:30,32.39 ms
2023-12-20 11:40:00,25.96 ms
2023-12-20 11:40:30,45.35 ms
2023-12-20 11:41:00,49.81 ms
2023-12-20 11:41:30,47.16 ms
2023-12-20 11:42:00,38.11 ms
2023-12-20 11:42:30,17.14 ms
2023-12-20 11:43:00,26.90 ms
2023-12-20 11:43:30,39.74 ms
2023-12-20 11:44:00,37.93 ms
2023-12-20 11:44:30,37.75 ms
2023-12-20 11:45:00,35.01 ms
2023-12-20 11:45:30,44.94 ms
2023-12-20 11:46:00,50.76 ms
2023-12-20 11:46:30,41.20 ms
2023-12-20 11:47:00,27.61 ms
2023-12-20 11:47:30,36.23 ms
2023-12-20 11:48:00,17.00 ms
2023-12-20 11:48:30,23.98 ms
2023-12-20 11:49:00,25.04 ms
2023-12-20 11:49:30,18.49 ms
2023-12-20 11:50:00,9.63 ms
2023-12-20 11:50:30,16.72 ms
2023-12-20 11:51:00,27.90 ms
2023-12-20 11:51:30,17.75 ms
2023-12-20 11:52:00,24.08 ms
2023-12-20 11:52:30,20.57 ms
2023-12-20 11:53:00,13.56 ms
2023-12-20 11:53:30,29.98 ms
2023-12-20 11:54:00,30.94 ms
2023-12-20 11:54:30,29.80 ms
2023-12-20 11:55:00,12.37 ms
2023-12-20 11:55:30,16.03 ms
2023-12-20 11:56:00,14.04 ms
2023-12-20 11:56:30,18.78 ms
2023-12-20 11:57:00,22.25 ms
2023-12-20 11:57:30,20.29 ms
2023-12-20 11:58:00,15.35 ms
2023-12-20 11:58:30,16.64 ms
2023-12-20 11:59:00,18.42 ms
2023-12-20 11:59:30,14.55 ms
2023-12-20 12:00:00,12.83 ms
2023-12-20 12:00:30,7.17 ms
2023-12-20 12:01:00,13.52 ms
2023-12-20 12:01:30,14.36 ms
2023-12-20 12:02:00,13.16 ms
2023-12-20 12:02:30,17.84 ms
2023-12-20 12:03:00,10.40 ms
2023-12-20 12:03:30,12.25 ms
2023-12-20 12:04:00,13.76 ms
2023-12-20 12:04:30,13.75 ms
2023-12-20 12:05:00,9.26 ms
2023-12-20 12:05:30,11.31 ms
2023-12-20 12:06:00,9.89 ms
2023-12-20 12:06:30,8.66 ms
2023-12-20 12:07:00,13.75 ms
2023-12-20 12:07:30,10.10 ms
2023-12-20 12:08:00,8.91 ms
2023-12-20 12:08:30,11.21 ms
2023-12-20 12:09:00,13.68 ms
2023-12-20 12:09:30,9.96 ms
2023-12-20 12:10:00,16.11 ms
2023-12-20 12:10:30,9.96 ms
2023-12-20 12:11:00,15.95 ms
2023-12-20 12:11:30,12.47 ms
2023-12-20 12:12:00,10.61 ms
2023-12-20 12:12:30,11.58 ms
2023-12-20 12:13:00,11.44 ms
2023-12-20 12:13:30,11.41 ms
2023-12-20 12:14:00,12.06 ms
2023-12-20 12:14:30,13.18 ms
2023-12-20 12:15:00,13.05 ms
2023-12-20 12:15:30,8.85 ms
2023-12-20 12:16:00,10.11 ms
2023-12-20 12:16:30,14.35 ms
2023-12-20 12:17:00,12.68 ms
2023-12-20 12:17:30,7.44 ms
2023-12-20 12:18:00,8.80 ms
2023-12-20 12:18:30,23.29 ms
2023-12-20 12:19:00,13.17 ms
2023-12-20 12:19:30,21.51 ms
2023-12-20 12:20:00,15.94 ms
2023-12-20 12:20:30,13.45 ms
2023-12-20 12:21:00,19.92 ms
2023-12-20 12:21:30,13.73 ms
2023-12-20 12:22:00,14.08 ms
2023-12-20 12:22:30,24.71 ms
2023-12-20 12:23:00,19.91 ms
2023-12-20 12:23:30,21.15 ms
2023-12-20 12:24:00,26.96 ms
2023-12-20 12:24:30,36.42 ms
2023-12-20 12:25:00,29.98 ms
2023-12-20 12:25:30,31.34 ms
2023-12-20 12:26:00,29.25 ms
2023-12-20 12:26:30,33.12 ms
2023-12-20 12:27:00,26.70 ms
2023-12-20 12:27:30,35.44 ms
2023-12-20 12:28:00,37.11 ms
2023-12-20 12:28:30,26.05 ms
2023-12-20 12:29:00,30.80 ms
2023-12-20 12:29:30,38.51 ms
2023-12-20 12:30:00,46.30 ms
2023-12-20 12:30:30,38.45 ms
2023-12-20 12:31:00,25.09 ms
2023-12-20 12:31:30,30.75 ms